video_id,video_name,caption_keywords,tag_keywords,dominant_colors,foreground_colors,background_colors,accent_colors,celebrities,landmarks,T0,T1,T2,T3,T4,T5
1533216164,plancrash,"computera man, blue shirtNorah O'Donnell, storea man, yellow shirtNorah O'Donnell, cameraNorah O'Donnell, tiea man, computera stack of flyers, computera screen, cameraa stack of flyers, cameraa woman, cameraa person, tablea screenshot, tablea display, suit",table computer smiling laptop front room ,"Brown, Blue, Black, ","l, B, ","B, r, ","B, 0, ","Norah O'Donnell,  ;",,0.16666666666666669,0.15723270440251574,0.17610062893081763,0.17138364779874216,0.15723270440251574,0.17138364779874216
1533216206,MI4,"cameraa person, mana screen, persona screen, cagea flat screen tva person, storea person, windowa person, darka person, computera flat screen tva man, dark rooma person, laptopa flat screen tva woman, selfiea flat screen tv, mana man, persona man, laptopa man, cameraa blurry image, screena man, dark rooma blurry image, buildinga blurry image, televisiona woman",room sitting screen young ,"Black, Teal, ","l, a, ","B, l, ","1, 5, ", ;,,0.15819209039548024,0.16666666666666669,0.16666666666666666,0.15819209039548024,0.19632768361581923,0.15395480225988703
1533216226,JO,"tieJohn Oliver, buildingJohn Oliver, suit, logoJohn Oliver, storeJohn Oliver, computer screenJohn Oliver, computer screena screen, tiea screen, tiea woman, womana woman, mana display",front food photo table posing ,"White, Black, Grey, ","B, l, ","B, l, ","3, 7, ","John Oliver,  ;",,0.16374269005847955,0.17251461988304095,0.16812865497076024,0.15935672514619886,0.15058479532163746,0.18567251461988307
1533216251,MvW,"cameraa man, mana man, persona man, teetha man, donuta man, mana person, black shirta man, cloudy daya man, phonea person, fisha person, yellow shirta person, cameraBear Grylls, donutBear Grylls, green shirta, fireBear Grylls, mouth opena, sign, womana",wearing shirt young food smiling ,"Black, Brown, Green, ","B, r, ","B, l, ","6, 4, ","Bear Grylls,  ;",,0.16515151515151516,0.1696969696969697,0.15606060606060607,0.16515151515151516,0.1787878787878788,0.16515151515151516
1533216270,CarCrash,"posing, trucka man, picturea person, trucka person riding, trucka boy, signa man, planea man, trucka black sign, cara man, cameraa girl, persona sign, persona screenshot, white texta group of people, photoa screen, cameraKorina Sanchez, cell phonea, newspapera, window, storea, road",street bus large photo sign ,"Grey, Black, White, ","e, W, ","e, G, ","3, 4, ","Korina Sanchez,  ;",,0.17251461988304095,0.17690058479532167,0.15497076023391815,0.16812865497076027,0.16374269005847955,0.16374269005847955
1533216286,2012,"cameraa man, laptopa blurry image, firea blurry image, mana blurry image, smokea blurry image, persona man, cloudy daya blurry image, persona blurry photo, dark rooma man, stagea person, cameraa group of people, vehiclea person, air, screenJohn Cusack, mountaina, woman",photo room table large sitting ,"Black, Grey, Brown, ","B, l, ","B, l, ","6, 4, ","John Cusack,  ;",,0.18333333333333332,0.16515151515151516,0.17424242424242423,0.1606060606060606,0.1606060606060606,0.15606060606060607
1533216313,DrSeuss,"tablea young boy, tablea little boy, persona boy, womana little boy, cameraa young boy, countera young boy, selfiea little boy, tablea blurry image, colorful walla young boy, persona blurry image, persona person, cameraa bedroom, streeta, mirrora child, toya propeller plane",sitting table young girl orange ,"Black, Grey, Green, ","e, a, ","e, n, ","2, B, ", ;,,0.16414141414141414,0.16035353535353536,0.16414141414141414,0.15656565656565657,0.19444444444444442,0.16035353535353536
1533216333,LoTR,"cameraa group of people, costumesa group of people, horsea group of people, persona group of people, fielda group of people, skya group of people, helmeta group of people, displaya group of people, cameraa group of clouds, fielda group of items, windowa group of clouds, horsea person, persona person, costumea person, persona woman, costumesa herd of sheep, skya statue, herd of cattle, glasses, photoa",group photo people large field ,"Black, Grey, Brown, ","B, l, ","B, l, ","8, 7, ", ;,,0.1650641025641026,0.1746794871794872,0.16506410256410256,0.16025641025641027,0.17467948717948717,0.16025641025641027
1533216356,TPM,"flagDonald Trump, tieDonald Trump, suit, Vladimir Putin, picture",table suit room wearing black ,"Black, Red, Grey, ","B, l, ","B, l, ","0, 6, ","Vladimir Putin, Donald Trump,  ;",,0.16506410256410256,0.17948717948717952,0.16506410256410256,0.16025641025641027,0.16506410256410256,0.16506410256410256
1533216377,Jaw,"watera group of people, watera person, cameraa group of people, watera woman, watera man, cameraa person, persona group of people, crowda person, body of watera fish swimming, crowda man, womana person, handa person, cameraa little girl, boata man, body of wateran animal swimming, crowd of peoplea man, cameraa large white ball, beachan animal swimming, red shirta woman, crowda small boat, othera, buildinga blurry image, wave, surfboard",young people riding large ,"Black, Brown, Grey, ","B, l, ","B, l, ","3, 4, ", ;,,0.15656565656565657,0.1527777777777778,0.17929292929292928,0.18686868686868685,0.14520202020202022,0.17929292929292928
1533216403,Sing,"tablea person, costumea person, darka person, tiea person, flat screen tva person, flat screen televisiona person, stagea teddy beara, dark rooma person, stagea desktop computer monitor, tablea flat screen tv, deska desktop computer monitor, maska man, toy dolla, purple hata man, skate board, suit, screena",sitting table small black computer screen ,"Black, Blue, Pink, ","k, i, ","B, l, ","2, A, ", ;,,0.15819209039548024,0.192090395480226,0.153954802259887,0.16666666666666669,0.16666666666666666,0.16242937853107345
1533216425,BBC,"sandy beacha person, beacha bird, beacha dog, beacha cow, beacha fish swimming, watera person, fisha person swimming, persona person, watera penguin, air, snowa bird, sanda penguin walking, skywater, trick, oceana group of people, smokea, piece of broccolia, grounda, birda, bowl",water snow outdoor black sitting beach field ,"Grey, Black, Blue, ","G, r, ","e, G, ","6, 0, ", ;,,0.14743589743589744,0.1858974358974359,0.16666666666666669,0.1512820512820513,0.17435897435897438,0.17435897435897438
1533216945,news_weather,"suit, cameraRosemary Church, tiea man, tieRosemary Church, signRosemary Church, signa man, collar shirta man, Rosemary ChurchRosemary Church, tiea person, cameraa man, tiea sign, tiea screen, collar shirta person, blue shirta, signa screenshot, fencea",sign text wearing suit shirt front ,"Black, Green, White, ","e, W, ","e, r, ","0, 6, ","Rosemary Church,  ;",,0.1682098765432099,0.17283950617283952,0.15895061728395063,0.16358024691358025,0.16358024691358025,0.17283950617283952
1533217185,news_cnnanchor,"Brooke Baldwina screen, photoa screen, cameraa screen, woman, photoBrooke Baldwin, sign",monitor screen photo television computer front table ,"Blue, Black, Red, ","B, l, ","B, l, ","1, B, ","Brooke Baldwin,  ;",,0.16666666666666669,0.16666666666666669,0.16666666666666669,0.16666666666666669,0.16666666666666669,0.16666666666666669
1533217202,news_cnnreporter,"suit, crowda person, tiea person, signa person, tieDonald Trump, crowdDonald Trump, logoDonald Trump, cell phoneDonald Trump, crowda group of people, tiea man, othera group of people, mana man, mana screen, persona screen, tieDennis, cameraa, black backgrounda, text, Blair, screenshot",sign people front suit group ,"Black, Grey, Brown, ","B, l, ","l, B, ","A, 7, ","Donald Trump,  ;",,0.1606060606060606,0.15606060606060607,0.1696969696969697,0.1696969696969697,0.1606060606060606,0.18333333333333332
1533217215,news_3dprint,"womana screen, persona screen, cameraa man, signa man, handa man, white shirta man, Amanda Holdena screen, white texta, signa black sign, devicea, uniforma",sign hand shirt blue ,"Blue, Brown, Black, ","B, l, ","B, l, ","6, 3, ","Amanda Holden,  ;",,0.16339869281045752,0.16339869281045752,0.17320261437908496,0.16339869281045752,0.16830065359477125,0.16830065359477123
1533217228,news_mikepence,"tiea man, white texta man, cameraa man, suit, tiea screen, blue hata man, Sandra Smitha man, hata black sign, signa black sign, mana screen, white texta person, tiea group of people, white texta blurry image, persona",front sign red sitting street ,"Black, Grey, White, ","B, l, ","B, l, ","1, 2, ","Sandra Smith,  ;",,0.1606060606060606,0.16515151515151516,0.16515151515151516,0.1787878787878788,0.15606060606060607,0.17424242424242425
1533217243,news_trump,"cameraNorah O'Donnell, cameraa woman, signa woman, suit, storea woman, Norah O'DonnellNorah O'Donnell, blue shirtNorah O'Donnell, tiea large white building, tieDonald Trump, signRobert Mueller, cameraRobert Mueller, yellow dress, White House, tiea person, signDonald Trump, yellow shirta screen, grassy field, backgrounda, signAlyssa Milano",front yellow sign young table ,"White, Black, Grey, ","l, e, ","e, l, ","B, 0, ","Alyssa Milano, ","White House,",0.16515151515151516,0.15606060606060607,0.1606060606060606,0.1606060606060606,0.17424242424242425,0.18333333333333335
1533217263,sport_bb,"crowda group of people, basketball courta group of people, crowda basketball player, crowda crowd of people, basketball courta group of basketball players, aira group of people, crowda man, crowda person, courta basketball player, game of basketballa group of people, crowda sign, crowda group of young men, basketball gamea man, courta screenshot, dark rooma basketball player, basketballa person, game of footballa crowd of peoplea man, video game, racket, stage",game playing people ball player court ,"Black, Brown, Pink, ","k, B, ","k, B, ","3, 2, ", ;,,0.15990990990990994,0.15653153153153154,0.17342342342342346,0.20720720720720723,0.17342342342342346,0.12950450450450451
1533217982,sport_football2,"fielda group of football players, crowda group of football playersa football player, football gamea football player, crowda group of people, baseball fielda football player, crowda group of baseball players, basketballa football player, fielda group of people, football balla basketball player, game of footballa football player, crowda person, crowda man, crowda crowd of people, bat, uniforma blurry image",ball player field game playing grass ,"Grey, Green, Black, ","e, G, ","e, G, ","4, 9, ", ;,,0.14912280701754388,0.15899122807017546,0.17872807017543862,0.17872807017543862,0.16885964912280704,0.1655701754385965
1533217996,news_kelly,"suit, tieJohn, tiea man, Harris Faulkner, cameraJohn, KellyJohn, cameraa person, picturea screen, pictureJohn",suit sign wearing screen looking ,"Brown, Black, White, ","B, r, ","r, e, ","1, B, ","John F. Kelly,  ;",,0.16666666666666669,0.16666666666666669,0.16666666666666669,0.16666666666666669,0.16666666666666669,0.16666666666666669
1533218011,news_missinggirl,"cameraa woman, cameraa person, selfiea woman, signa person, tablea person, cameraa group of people, persona person, photoa person, yellow shirta person, signa man, cameraAlex Wagner, tablea blurry image",young smiling yellow table ,"Brown, Black, Grey, ","B, k, ","r, B, ","B, 0, ","Alex Wagner,  ;",,0.16666666666666669,0.16666666666666669,0.16666666666666669,0.16666666666666669,0.16666666666666669,0.16666666666666669
1533218034,news_manafort,"suit, tiea man, storea man, tiea person, tablea man, storeNorah O'Donnell, bookNorah O'Donnell, tiea group of people, storea woman, logoa, buildinga stack of flyers, text, black backgrounda, cameraa, booka",front sign street smiling wearing ,"White, Black, Grey, ","B, l, ","e, W, ","B, 0, ", ;,,0.16506410256410256,0.16025641025641027,0.16025641025641027,0.16506410256410256,0.1746794871794872,0.17467948717948717
1533218051,sport_football,"fielda group of football players, crowda group of people, fielda football player, signa group of people, football fielda man, football gamea football player, persona group of football players, football ball, storea group of people, cell phonea group of people, crowda person, baseball fielda, othera person, signa man, signa screenshot, table",people large sign group playing player ,"Black, White, Brown, ","e, i, ","e, r, ","3, 6, ", ;,,0.1691542288557214,0.1691542288557214,0.1654228855721393,0.16915422885572143,0.15422885572139305,0.17288557213930347
1533218073,sports_nba,"basketball courta group of people, basketball courta person, crowda group of people, basketball gamea group of people, crowda group of basketball players, crowda person, basketball gamea person, crowda crowd of people, courta crowd of peoplea group of men, large crowd of peoplea group of people, crowd watchinga person, toya person, game of basketballa basketball player, game of basketballa group of young men, crowda man, crowda blurry image, othera, trick, racket",people game playing large player group ,"Black, Red, White, ","l, B, ","B, l, ","1, B, ", ;,,0.17342342342342343,0.17004504504504506,0.17004504504504506,0.16666666666666669,0.17004504504504508,0.1497747747747748
1533218772,sports_football4,"football gamea group of people, lighta group of football players, baseball fielda man, baseball gamea man, fielda person, signa group of football players, football balla group of people, grass courta group of football players, courta person, video gamea stadium, persona person, crowda screenshot, logoa screenshot, peoplea blurry image, match, cameraa, uniform",game player ball playing court field people ,"Black, Green, Brown, ","e, r, ","e, r, ","0, 4, ", ;,,0.16414141414141414,0.148989898989899,0.17929292929292928,0.1755050505050505,0.1717171717171717,0.16035353535353536
1533218787,sports_football5,"football fielda group of people, fielda group of football players, fielda football player, fielda crowd of people, crowda group of football players, football gamea crowd of people, logoa group of football players, laptopa group of people, football balla football field, fielda man, green fielda, football gamea screenshot, fielda person riding, courta crowd of people, video gamea, grass courta person, crowda basketball player, laptopa screen",playing game field large player ball grass people ,"Green, Grey, Black, ","e, G, ","e, G, ","0, 3, ", ;,,0.1909282700421941,0.14662447257383968,0.18459915611814348,0.18143459915611815,0.14345991561181434,0.15295358649789031
1533218801,sports_football1,"football gamea group of people, video gamea group of people, courta group of people, fielda stadium, crowda group of football players, video gamea group of men, green fielda person, video gamea screenshot, racqueta group of football players, football balla stadium, peoplea crowd of people, grass courta person, green shirta stadium, peoplea screen, logoa screenshot, crowda man, air, computera, clocka",game player playing ball group court field ,"Black, Green, Grey, ","e, G, ","e, G, ","4, 0, ", ;,,0.16792929292929293,0.16035353535353536,0.18308080808080807,0.16035353535353536,0.15656565656565657,0.1717171717171717
1533218816,sports_football2,"fielda stadium, fielda man, peoplea crowd of people, football gamea man, facea crowd of people, peoplea stadium, flowera stadium, green shirta crowd of people, football balla man, racketa person, logoa football player, grass courta person, green ball, match, clocka drawing, red lighta, blurry image",game grass ball player playing court field green ,"Green, Black, Brown, ","e, G, ","e, r, ","0, 1, ", ;,,0.16282051282051285,0.158974358974359,0.16666666666666669,0.17435897435897438,0.17435897435897438,0.16282051282051282
1533218832,sports_football3,"fielda football player, football ball, fielda group of people, persona football player, football gamea, balla baseball player, lighta group of football players, selfiea baseball player, logoa baseball player, fielda man, green grassa group of people, crowda stadium, fielda blurry photo, lighta large stadium, peoplea group of young men, grass courta stadium, video gamea, green field, red shirta person, game of footballa person, clocka screenshot",game player ball field green grass playing ,"Green, Black, Red, ","e, G, ","e, G, ","0, 1, ","Mohamed Salah,  ;",,0.15570175438596492,0.16557017543859648,0.1754385964912281,0.19188596491228072,0.15241228070175442,0.15899122807017543
1533218847,movie_ironman,"cameraa group of people, mana group of people, selfiea group of people, firea group of people, windowa group of people, dark rooma group of people, rooma man, cameraa man, vehiclea man, tiea man, crowda man, othera person, othera blurry close, othera blurry photo, cameraa screen, ita person, suit, cameraSayed Badreya, lot of smoke, curtaina",photo room people group young ,"Black, Grey, ","B, l, ","B, l, ","5, 1, ","Sayed Badreya,  ;",,0.16194968553459121,0.16194968553459121,0.16666666666666669,0.16194968553459121,0.16194968553459121,0.18553459119496857
1533219831,anim_walle,"trucka tractor, boxa large rooma tractor, rocky areaa tractor, trucka large chocolate cakea group of people, wooden tablea, boxa box, dirt roada, devicea, toya, bowla person, buildinga, food, traina",sitting table large cake indoor old room ,"Brown, Black, Grey, ","B, r, ","r, B, ","7, 1, ", ;,,0.15229885057471265,0.17385057471264367,0.16522988505747127,0.15660919540229887,0.16522988505747127,0.1867816091954023
1533219843,movie_ironman2,"mountaina man, mountaina group of people, mountaina view, mountaina person, mountaina herd of sheep, cloudy blue skya group of people, cloudy skya fighter jet, planea fighter jet, military uniforma man, air",photo mountain outdoor snow desert front ,"Black, Grey, White, ","e, G, ","B, l, ","6, 4, ", ;,,0.17251461988304095,0.16374269005847955,0.15497076023391815,0.17251461988304095,0.17690058479532164,0.15935672514619886
1533219982,movie_spiderman2,"persona person, cloudy daya blurry image, persona car, cloudy daya statue, cloudy daya bird, persona view, skya person, persona tall building, city streeta blurry image, city streeta screen, citya truck, citya airplane, windowa car, animalfireworks, fisha, dark rooma",red photo outdoor large riding city sitting ,"Black, Grey, White, ","B, l, ","B, l, ","4, 0, ", ;,,0.1709039548022599,0.16666666666666669,0.16666666666666666,0.16242937853107345,0.15395480225988703,0.17937853107344637
1533220082,movie_spiderman,"roada man, cameraa person, roada group of people, cameraa plane, cameraa woman, horsea group of people, roada woman, costumea group of people, buildinga person riding, planea man, smokea man, streeta man, runwaya person, trucka person, skateboarda group of stuffed animalsa man, sandy beacha person, cloudy daya plane, selfieJeremy Renner, carJeremy Renner, guna large passenger jet, air, snow, cara truck",outdoor street young riding sitting ,"Grey, White, Black, ","e, G, ","e, W, ","4, 5, ","Jeremy Renner,  ;",,0.16374269005847955,0.16374269005847955,0.16374269005847955,0.16812865497076027,0.17690058479532167,0.16374269005847955
1533220100,movie_avenger,"persona person, dark rooma person, cameraa person, dark rooma blurry image, screena person, train stationa person, tablea blurry image, televisiona blurry image, persona group of people, persona star, cameraa screen, skya screen, girla group of people, horse, clouds, crowda, moon, man, streeta, skyRobert Downey, computer",sitting table room front photo ,"Black, Grey, White, ","B, l, ","B, l, ","4, 5, ", ;,,0.16025641025641027,0.16987179487179488,0.17467948717948717,0.16506410256410256,0.16506410256410256,0.16506410256410256
1533220114,movie_darkknight,"dark rooma person, nighta person, dark rooma man, darka person, streeta person, dark rooma view, sidewalka person, computera person, dark rooma city street, nighta man, city streeta man, darka man, windowa man, busy city street, buildinga view, cameraa, tableHeath Ledger",sitting dark street black night table room ,"Black, ","B, l, ","B, l, ","4, 8, ", ;,,0.1787878787878788,0.1606060606060606,0.15151515151515152,0.18333333333333335,0.15151515151515152,0.17424242424242425
1533220127,movie_thor,"dark rooma person, darka person, buildinga person, cameraa person, dark rooma blurry image, computera blurry image, glass display casea person, dark sky, windowa group of people, windowa blurry picturea screen, darka view, citya group of clouds, cara plane, glass doora group of clouds, windowa man, skya view, city streeta, mana car, skyTadanobu Asano, body of watera",sitting table photo large room ,"Black, Grey, ","B, l, ","B, l, ","1, 0, ","Tadanobu Asano,  ;",,0.15723270440251574,0.17610062893081763,0.16194968553459121,0.17610062893081763,0.16666666666666669,0.16194968553459121
1533220147,movie_avenger3,"buildinga person, buildinga man, buildinga large white buildinga blurry image, buildinga statue, persona tall buildinga blurry image, vehiclea blurry image, firea blurry photo, backgrounda blurry photo, glass buildinga group of people, persona person, ovena person riding, firea man, mana couple of people, kitchena sunset, dark rooma screenshot, cell phone, statuea sculpture",street building city table riding large ,"Grey, Black, White, ","e, r, ","r, G, ","5, 6, ", ;,,0.16339869281045752,0.16339869281045752,0.16830065359477123,0.16830065359477125,0.16830065359477123,0.16830065359477123
1533220326,movie_avenger2,"cameraa man, cara man, persona man, mana man, cameraa person, cara person, cameraa blurry close, dark rooma, persona glass display casea screenshot, video gamea view, selfiea screen, woman",table sitting room indoor computer ,"Black, ","B, l, ","B, l, ","3, 4, ", ;,,0.16666666666666669,0.16666666666666669,0.16666666666666669,0.16666666666666669,0.16666666666666669,0.16666666666666669
1533220430,movie_darkknight2,"dark rooma person, nighta person, dark rooma man, dark rooma car, dark rooma train, nighta city, nighta dark city street, cara person, screena person, roada person, nighta view, nighta truck, nighta traffic light, streeta screen, screena bed, cara blurry image, tracks, computer keyboarda, buildinga",sitting room dark night black light table ,"Black, Brown, ","B, l, ","B, l, ","0, 1, ", ;,,0.1597222222222222,0.15555555555555556,0.17222222222222222,0.18055555555555558,0.1763888888888889,0.15555555555555556
1533220445,docu_jungle,"dark skya tree, skya view, suna group of clouds, foresta group of clouds, windowa group of clouds, skyclouds, sunseta view, darka person, darkthe, backgrounda, lighta rainbow, waterfalla, logoa",water dark flying sunset street sun traffic red light ,"Black, Grey, Brown, ","B, l, ","B, l, ","3, 4, ", ;,,0.16339869281045752,0.16830065359477123,0.16830065359477123,0.16830065359477125,0.16830065359477123,0.16339869281045752
1533221156,docu_secret,"backgrounda star, persona star, skya sunset, nighta star, bowla star, persona group of clouds, skya blurry image, smokea group of clouds, darka, white backgrounda glass of watera sky view, body of water, text, skyclouds, rocka, rock mountaina, waterfallwater, birda, tree",water sitting black large flying nature laying ,"Black, Grey, Brown, ","B, l, ","B, l, ","4, B, ", ;,,0.1763888888888889,0.15555555555555556,0.1597222222222222,0.1597222222222222,0.17638888888888887,0.17222222222222225
1533221171,docu_hunt,"dry grass fielda bird, animala bird, dry grassa bird, animala pile of dry grassa, animala pile of haya, animala squirrel, birda pile of haya bird, dirt roada, lizarda blurry image, deserta, reptilea",bird animal outdoor grass field group eating brown ,"Brown, Black, ","B, r, ","B, r, ","B, 1, ", ;,,0.1751207729468599,0.16787439613526572,0.1570048309178744,0.1533816425120773,0.19323671497584544,0.1533816425120773
1533221186,docu_earth,"blue backgrounda, wavea group of blue watera blue, backgrounda group of people, green reefa group of blue watera, mountaina snow, mountaina rocky mountain, wavea rocky mountaina large rocky mountains, rocka group of people, black backgrounda, trees, Huangshan, animala, lighta, waterfalla",water nature large sitting snow blue bird group ,"Blue, Black, Grey, ","B, l, ","B, l, ","8, 1, ",,"Huangshan,",0.15555555555555556,0.1763888888888889,0.15555555555555556,0.1763888888888889,0.17222222222222222,0.1638888888888889
1533221201,docu_planet,"swimming poola star, fisha person swimming, swimming poola blurry photo, animala man swimming, body of watera snow, personunderwater view, itunderwater view, fishunderwater view, dark skya person, oceana small boat, oceana group of clouds, wet suit, snowclouds, skywater, darka, beacha blue, skysmoke, mountainclouds, computera screenshot, signa, flowera, fooda",water large blue sitting ocean table flying ,"Black, Grey, White, ","e, l, ","e, B, ","0, 4, ", ;,,0.19808743169398907,0.16530054644808745,0.18989071038251365,0.1489071038251366,0.1489071038251366,0.1489071038251366
1533221215,docu_earth3,"treea bird, treea monkey, treea tree, buildinga bird, foresta monkey, horsea bird, grassy fielda bird, tree brancha monkey, animala bird swimming, treea blurry photo, fielda dog, wooded areaa monkey, watera dog, skya tree, buildinga man, body of watera group of people, sandy beach, snow, clouds, cata, mountaina horse, penguina penguin, ita, smoke",outdoor large animal field bird water black ,"White, Black, Grey, ","e, W, ","B, e, ","3, 2, ", ;,,0.19188596491228072,0.12938596491228072,0.17872807017543862,0.16885964912280704,0.162280701754386,0.16885964912280704
1533221230,docu_planet2,"watera bird swimming, watera person swimming, body of watera fish swimming, oceana bird, body of watera body of water, oceana fish swimming, body of watera group of people, skya person swimming, oceana dog swimming, fisha fish swimming, oceana group of fish, body of waterwater, wave, surfboard",water ocean large bird swimming outdoor blue wave ,"Teal, Grey, Black, ","e, a, ","e, l, ","4, 8, ", ;,,0.1452991452991453,0.15170940170940173,0.19978632478632483,0.1581196581196581,0.17735042735042736,0.16773504273504275
1533221249,docu_planet3,"beacha bird, snowa bird, fisha bird, sanda bird, watera bird, sandy beacha person, beacha cow, sanda person, snowa beach, persona person, snowa clear blue skya, skya group of people, fisha large white balla penguin walking, air, animala, birda, smokea",black snow outdoor water bird sitting beach ,"Grey, Black, Blue, ","G, r, ","e, G, ","0, 6, ", ;,,0.14814814814814817,0.1798941798941799,0.17195767195767198,0.1560846560846561,0.17592592592592596,0.16798941798941802
1533221262,docu_earth2,"reptilea squirrel, rocka bird, rocky areaa squirrel, rocky beacha lizard, froga squirrel, birda squirrel, dry grass fielda bird, snakea small bird, cameraa, lizarda",animal small bird black sitting rocky rock outdoor ,"Grey, White, Black, ","e, G, ","e, G, ","6, 7, ", ;,,0.16263440860215056,0.15860215053763443,0.14650537634408603,0.1827956989247312,0.1747311827956989,0.17473118279569894
1533221277,anim_lionking,"backgrounda sunset, backgrounda person, sunseta sunset, fielda person, backgrounda view, sunsetan orange sunset, backgroundan orange sunset, fielda large green fielda horse, horsea person, fielda group of people, fielda flock of birds, hilla large mountain, red hair, long hair, group of clouds, sky, grass",sunset outdoor flying plane air ocean water beach large ,"Brown, Orange, Grey, ","r, n, ","r, n, ","0, 5, ", ;,,0.18055555555555558,0.14305555555555555,0.16805555555555557,0.17222222222222222,0.1597222222222222,0.1763888888888889
1533221292,movie_lalaland,"cameraa group of people, rooma group of people, screena group of people, crowda group of people, mana group of people, cameraa man, roomEmma Stone, cameraEmma Stone, personEmma Stone, screena screen, persona man, photoRyan Gosling, woman",young people group playing photo ,"Black, Brown, ","B, l, ","B, l, ","6, 2, ","Ryan Gosling, Emma Stone,  ;",,0.15723270440251574,0.16666666666666669,0.1808176100628931,0.15723270440251574,0.16666666666666669,0.17138364779874216
1533222255,movie_notebook,"hata person, watera person, persona person, photoa person, babya person, oceana person, frisbeea person, hata woman, watera woman, beacha person swimming, watera girl, hata man, hata young girl, persona woman, watera blurry image, surfboard, wavea blurry image, white shirta",young playing girl ball ,"Black, Grey, ","B, l, ","B, l, ","3, 6, ", ;,,0.17317708333333334,0.15364583333333334,0.17708333333333334,0.15364583333333334,0.15364583333333334,0.18880208333333334
1533222268,movie_ladybird,"brick walla person, brick buildinga person, windowa person, tablea person, kitchena person, storea person, brick walla man, brick buildinga man, brick wallSaoirse Ronan, storea man, tablea dining room table, cameraSaoirse Ronan",front young people room brick ,"Black, Brown, Grey, ","B, l, ","B, l, ","4, 7, ","Saoirse Ronan,  ;",,0.18333333333333335,0.16515151515151516,0.15606060606060607,0.16515151515151516,0.16515151515151516,0.16515151515151516
1533222283,movie_billboard,"cameraa person, cameraa man, windowa man, hata person, tiea person, treea person, restauranta person, grassa person, televisiona person, hata man, mirrora man, dark rooma man, citya man, fielda man, bus windowa person, parking lota person, cameraa sign, dark rooma sign, swinga view, laptopa view, windowa vase of flowers, table, woman, screenan aerial view, nighta car, middle, suit",sitting front table room looking ,"Black, Grey, Green, ","B, l, ","B, l, ","2, 3, ", ;,,0.16374269005847955,0.17251461988304095,0.16812865497076027,0.16374269005847955,0.16374269005847955,0.16812865497076024
1533222296,movie_eatpray,"cameraa person, womana person, cameraa group of people, cameraa man, womana woman, pizzaa group of people, slice of pizzaa, cell phonea woman, video gamea group of people, tablea girl, cameraJulia Roberts, persona girl, hot dog, Julia Robertsa",sitting indoor table pizza young ,"Black, Brown, Grey, ","B, l, ","B, l, ","5, 4, ","Leslie Mann, Julia Roberts,  ;",,0.16666666666666669,0.16666666666666669,0.16194968553459121,0.15723270440251574,0.1808176100628931,0.16666666666666669
1533222309,movie_network,"cameraa group of people, tablea group of people, cameraa man, tablea man, screena group of people, woman, tiea group of people, deska man, tablea person, screenJesse Eisenberg, roomJesse Eisenberg, tableJesse Eisenberg, suit",table indoor front room sitting computer ,"Black, ","B, l, ","B, l, ","4, 6, ","Jesse Eisenberg,  ;",,0.16194968553459121,0.16666666666666669,0.15723270440251574,0.17138364779874216,0.18553459119496857,0.15723270440251574
1533222324,movie_500,"kitchena person, tablea person, coucha person, cameraa person, woman, kitchena man, living rooma person, tablea man, living rooma man, windowa man, food, flat screen televisiona man, beda group of people",indoor table room young sitting ,"Black, Grey, Brown, ","B, l, ","B, l, ","3, 6, ", ;,,0.16339869281045752,0.16339869281045752,0.16339869281045752,0.16339869281045752,0.17320261437908496,0.17320261437908496
1533222338,movie_atlas,"cameraa person, cameraa man, cameraa woman, dark rooma person, dark rooma man, texta man, laptopa man, dark rooma blurry image, beda bed, screena, black screen, camerablack device, tableBae Doona",sitting table indoor computer laptop room looking ,"Black, ","B, l, ","B, l, ","0, 1, ","Bae Doona,  ;",,0.16025641025641027,0.1794871794871795,0.16025641025641027,0.16506410256410256,0.1746794871794872,0.16025641025641027
1533222351,anim_iceage,"watera person swimming, watera fish swimming, watera dog swimming, fisha fish swimming, boya swimming poola person swimming, cameraa person swimming, body of watera dog, fisha blurry image, birda, blue backgrounda, persons facea, toya, animala",sitting blue water swimming table playing cat looking bird ,"Teal, Black, ","a, l, ","e, l, ","2, A, ", ;,,0.15931372549019607,0.17034313725490197,0.18504901960784315,0.17034313725490197,0.14460784313725492,0.17034313725490197
1533223459,anim_spiritedaway,"nighta blurry image, facea person, nighta store, storea person, backgrounda man, boxa blurry photo, collar shirta person, red light, red brick buildinga star, flowera man, persons facea view, city, umbrellaa, persona room, signa car, placea display, furniture, boya, dark rooma, cara, night stand, buildingfireworks",sitting red table street night sign train ,"Black, Brown, Grey, ","B, k, ","B, l, ","0, 2, ", ;,,0.17424242424242425,0.1696969696969697,0.15606060606060607,0.1696969696969697,0.17424242424242425,0.15606060606060607
1533223473,anim_mononoke,"persona person, treea person, signa, foresta person, persona blurry image, selfiea screenshot, grassa painting, grassa horse, firea blurry photo, selfiea large green landscapea group of people, video gamea woman, surfboard, wavea, corala drawing, beda, flowera, animala",photo sitting water riding grass ,"Green, Black, Grey, ","e, G, ","e, G, ","4, 3, ", ;,,0.16820987654320987,0.17746913580246915,0.16358024691358025,0.16820987654320987,0.1682098765432099,0.154320987654321
1533223486,anim_zootipia,"stagea person, logoa person, firea person, cameraa person, computera person, nighta flat screen televisiona person, crowd watchinga person, stagea flat screen television, televisiona woman, stagea stage, skya man, lit candlesa, roada man, monitora sign, large screena woman, monitora teddy bear, city, helmet ona birthday cake, beacha, white shirta, signa view, rooma cat, air, clouds, mirror, skisa",table sitting computer large indoor front ,"Black, Grey, Brown, ","l, B, ","B, l, ","0, 3, ", ;,,0.15555555555555556,0.17638888888888887,0.1597222222222222,0.15555555555555556,0.1763888888888889,0.17638888888888893
1533223500,anim_zootopia2,"toya person, city streeta person, streeta screen, nighta person, busa person, stuffed toya screen, persona screen, streeta group of people, stuffed toya horse statue, skateboard, skate board, motorcycle, screena view, windowa, costumea",table small sitting photo street city ,"Black, Brown, Green, ","B, l, ","B, l, ","3, 4, ", ;,,0.1606060606060606,0.16515151515151516,0.1696969696969697,0.1606060606060606,0.1787878787878788,0.16515151515151516
1533223512,anim_panda,"wooden tablea person, tablea statue, tablea doll, dark rooma person, tablea stuffed animal, rooma chair, costumea teddy bear, furniture, vase, windowa, bowl, dolla cat, mirror, maska",sitting table indoor room black desk computer wooden ,"Black, Brown, ","B, l, ","B, l, ","1, A, ", ;,,0.16666666666666669,0.16666666666666669,0.16666666666666669,0.16666666666666669,0.16666666666666669,0.16666666666666669
